{
  "n_models_evaluated": 3,
  "best_model_by_pinball_mean": "baseline",
  "best_pinball_mean": 2539.109261316253,
  "models": [
    {
      "model_name": "baseline",
      "prediction_path": "artifacts/predictions/models/baseline_predictions.parquet",
      "rows_evaluated": 3476,
      "pinball_q10": 1842.1971570637047,
      "pinball_q50": 4149.436109390785,
      "pinball_q90": 1625.6945174942698,
      "pinball_mean": 2539.109261316253,
      "mae_p50": 8298.87221878157,
      "rmse_p50": 10307.118217339139,
      "r2_p50": 0.47246992351271155,
      "coverage": 0.7899884925201381,
      "coverage_gap": -0.010011507479861903,
      "interval_width": 26233.845351376498,
      "crossing_rate": 0.0,
      "coverage_gate_pass": true,
      "crossing_gate_pass": true,
      "min_coverage_gate_pass": true,
      "overall_gate_pass": true
    },
    {
      "model_name": "champion",
      "prediction_path": "artifacts/predictions/models/champion_predictions.parquet",
      "rows_evaluated": 3476,
      "pinball_q10": 1842.1971570637047,
      "pinball_q50": 4149.436109390785,
      "pinball_q90": 1625.6945174942698,
      "pinball_mean": 2539.109261316253,
      "mae_p50": 8298.87221878157,
      "rmse_p50": 10307.118217339139,
      "r2_p50": 0.47246992351271155,
      "coverage": 0.7899884925201381,
      "coverage_gap": -0.010011507479861903,
      "interval_width": 26233.845351376498,
      "crossing_rate": 0.0,
      "coverage_gate_pass": true,
      "crossing_gate_pass": true,
      "min_coverage_gate_pass": true,
      "overall_gate_pass": true
    },
    {
      "model_name": "challenger",
      "prediction_path": "artifacts/predictions/models/challenger_predictions.parquet",
      "rows_evaluated": 3476,
      "pinball_q10": 1953.7535737247194,
      "pinball_q50": 4325.858978923597,
      "pinball_q90": 1699.5194204471059,
      "pinball_mean": 2659.710657698474,
      "mae_p50": 8651.717957847193,
      "rmse_p50": 10766.678036965905,
      "r2_p50": 0.42437961776529887,
      "coverage": 0.7764672036823935,
      "coverage_gap": -0.02353279631760652,
      "interval_width": 26923.12941924947,
      "crossing_rate": 0.0,
      "coverage_gate_pass": true,
      "crossing_gate_pass": true,
      "min_coverage_gate_pass": true,
      "overall_gate_pass": true
    }
  ]
}