{
  "n_models_evaluated": 4,
  "best_by_pinball": {
    "model_name": "challenger_1",
    "pinball_mean": 303.3954844886785,
    "overall_gate_pass": true
  },
  "best_approved_model": {
    "model_name": "challenger_1",
    "pinball_mean": 303.3954844886785,
    "overall_gate_pass": true
  },
  "best_model_by_pinball_mean": "challenger_1",
  "best_pinball_mean": 303.3954844886785,
  "models": [
    {
      "model_name": "challenger_1",
      "prediction_path": "artifacts/predictions/models/challenger_1_predictions.parquet",
      "rows_evaluated": 3442,
      "pinball_q10": 238.5612508052029,
      "pinball_q50": 442.04374785196165,
      "pinball_q90": 229.58145480887092,
      "pinball_mean": 303.3954844886785,
      "mae_p50": 884.0874957039233,
      "rmse_p50": 1154.2844786295125,
      "r2_p50": 0.9933955620038197,
      "coverage": 0.8596746077861709,
      "coverage_gap": 0.05967460778617084,
      "overcoverage_gap": 0.05967460778617084,
      "interval_width": 3812.472090134954,
      "crossing_rate": 0.0,
      "raw_crossing_rate": 0.1008134805345729,
      "calibrated_crossing_rate": 0.0069726902963393,
      "repair_rate": 0.0069726902963393,
      "output_crossing_rate": 0.0,
      "coverage_gate_pass": true,
      "crossing_gate_pass": true,
      "min_coverage_gate_pass": true,
      "overall_gate_pass": true
    },
    {
      "model_name": "champion",
      "prediction_path": "artifacts/predictions/models/champion_predictions.parquet",
      "rows_evaluated": 3442,
      "pinball_q10": 238.5612508052029,
      "pinball_q50": 442.04374785196165,
      "pinball_q90": 229.58145480887092,
      "pinball_mean": 303.3954844886785,
      "mae_p50": 884.0874957039233,
      "rmse_p50": 1154.2844786295125,
      "r2_p50": 0.9933955620038197,
      "coverage": 0.8596746077861709,
      "coverage_gap": 0.05967460778617084,
      "overcoverage_gap": 0.05967460778617084,
      "interval_width": 3812.472090134954,
      "crossing_rate": 0.0,
      "raw_crossing_rate": 0.1008134805345729,
      "calibrated_crossing_rate": 0.0069726902963393,
      "repair_rate": 0.0069726902963393,
      "output_crossing_rate": 0.0,
      "coverage_gate_pass": true,
      "crossing_gate_pass": true,
      "min_coverage_gate_pass": true,
      "overall_gate_pass": true
    },
    {
      "model_name": "challenger_2",
      "prediction_path": "artifacts/predictions/models/challenger_2_predictions.parquet",
      "rows_evaluated": 3442,
      "pinball_q10": 244.0164063656292,
      "pinball_q50": 474.6987771710013,
      "pinball_q90": 234.99971746788117,
      "pinball_mean": 317.9049670015039,
      "mae_p50": 949.3975543420026,
      "rmse_p50": 1272.6744017683093,
      "r2_p50": 0.9919713084479838,
      "coverage": 0.8329459616502034,
      "coverage_gap": 0.03294596165020336,
      "overcoverage_gap": 0.03294596165020336,
      "interval_width": 3679.9715527405406,
      "crossing_rate": 0.0,
      "raw_crossing_rate": 0.1191167925624636,
      "calibrated_crossing_rate": 0.0168506682161534,
      "repair_rate": 0.0168506682161534,
      "output_crossing_rate": 0.0,
      "coverage_gate_pass": true,
      "crossing_gate_pass": true,
      "min_coverage_gate_pass": true,
      "overall_gate_pass": true
    },
    {
      "model_name": "baseline",
      "prediction_path": "artifacts/predictions/models/baseline_predictions.parquet",
      "rows_evaluated": 3442,
      "pinball_q10": 1888.0172089731655,
      "pinball_q50": 4325.07888830688,
      "pinball_q90": 1889.765512757462,
      "pinball_mean": 2700.9538700125026,
      "mae_p50": 8650.15777661376,
      "rmse_p50": 10777.399546108518,
      "r2_p50": 0.4242444636554231,
      "coverage": 0.7321324811156305,
      "coverage_gap": -0.0678675188843696,
      "overcoverage_gap": 0.0,
      "interval_width": 24837.792312452213,
      "crossing_rate": 0.0,
      "raw_crossing_rate": 0.0,
      "calibrated_crossing_rate": 0.0,
      "repair_rate": 0.0,
      "output_crossing_rate": 0.0,
      "coverage_gate_pass": false,
      "crossing_gate_pass": true,
      "min_coverage_gate_pass": false,
      "overall_gate_pass": false
    }
  ]
}